TIMESTAMP,SOURCE_IP,METHOD,ENDPOINT,STATUS,SEVERITY,DETECTION_TYPE,Z_SCORE,IP_FLAG
2026-03-10T21:46:21.258323,245.179.79.3,PUT,/admin,403,CRITICAL,SSH Brute Force Detection,3.83,MALICIOUS
2026-03-10T21:46:22.258323,227.8.127.130,POST,/phpmyadmin,500,HIGH,Port Scanning Detection,3.93,MALICIOUS
2026-03-10T21:46:23.258323,146.245.253.52,GET,/search?q=' OR 1=1--,401,CRITICAL,Statistical Anomaly Detection (Z-score),4.44,MALICIOUS
2026-03-10T21:46:24.258323,215.5.33.100,POST,/search?q=' OR 1=1--,500,CRITICAL,Port Scanning Detection,4.14,MALICIOUS
2026-03-10T21:46:25.258323,29.231.198.59,GET,/wp-login.php,500,CRITICAL,HTTP Brute Force Detection,4.09,MALICIOUS
2026-03-10T21:46:26.258323,235.101.109.221,GET,/admin,500,HIGH,Statistical Anomaly Detection (Z-score),4.38,MALICIOUS
2026-03-10T21:46:27.258323,53.153.243.240,PUT,/../../../../etc/passwd,401,HIGH,SSH Brute Force Detection,4.49,MALICIOUS
2026-03-10T21:46:28.258323,147.25.243.252,PUT,/../../../../etc/passwd,500,CRITICAL,SQL Injection Detection,3.54,MALICIOUS
2026-03-10T21:46:29.258323,12.45.143.249,GET,/admin,403,CRITICAL,SSH Brute Force Detection,4.48,MALICIOUS
2026-03-10T21:46:30.258323,175.151.209.79,POST,/admin,403,HIGH,SQL Injection Detection,3.22,MALICIOUS
2026-03-10T21:46:31.258323,252.105.207.224,GET,/wp-login.php,403,CRITICAL,SQL Injection Detection,3.93,MALICIOUS
2026-03-10T21:46:32.258323,142.126.159.84,POST,/phpmyadmin,403,CRITICAL,Directory Traversal Detection,4.84,MALICIOUS
2026-03-10T21:46:33.258323,127.83.187.246,GET,/search?q=' OR 1=1--,403,CRITICAL,SSH Brute Force Detection,4.22,MALICIOUS
2026-03-10T21:46:34.258323,123.57.236.116,GET,/login,500,CRITICAL,Port Scanning Detection,4.59,MALICIOUS
2026-03-10T21:46:35.258323,91.201.93.107,PUT,/index.php?id=1 OR 1=1,401,CRITICAL,Statistical Anomaly Detection (Z-score),3.79,MALICIOUS
2026-03-10T21:46:36.258323,67.189.124.67,PUT,/phpmyadmin,401,HIGH,SSH Brute Force Detection,3.71,MALICIOUS
2026-03-10T21:46:37.258323,200.116.33.199,GET,/phpmyadmin,500,HIGH,Port Scanning Detection,3.61,MALICIOUS
2026-03-10T21:46:38.258323,153.228.50.118,GET,/search?q=' OR 1=1--,401,CRITICAL,SSH Brute Force Detection,4.8,MALICIOUS
2026-03-10T21:46:39.258323,2.197.221.164,PUT,/index.php?id=1 OR 1=1,401,HIGH,HTTP Brute Force Detection,3.87,MALICIOUS
2026-03-10T21:46:40.258323,233.103.210.114,PUT,/login,500,HIGH,SSH Brute Force Detection,4.21,MALICIOUS
2026-03-10T21:46:41.258323,91.15.160.4,PUT,/../../../../etc/passwd,500,HIGH,SQL Injection Detection,4.52,MALICIOUS
2026-03-10T21:46:42.258323,239.102.238.179,POST,/phpmyadmin,500,HIGH,Statistical Anomaly Detection (Z-score),4.51,MALICIOUS
2026-03-10T21:46:43.258323,239.243.128.53,PUT,/admin,403,HIGH,SSH Brute Force Detection,4.08,MALICIOUS
2026-03-10T21:46:44.258323,183.183.100.134,GET,/phpmyadmin,500,CRITICAL,SSH Brute Force Detection,4.5,MALICIOUS
2026-03-10T21:46:45.258323,126.90.188.61,PUT,/index.php?id=1 OR 1=1,500,CRITICAL,Port Scanning Detection,3.16,MALICIOUS
2026-03-10T21:46:46.258323,32.56.236.181,GET,/../../../../etc/passwd,403,CRITICAL,Directory Traversal Detection,4.39,MALICIOUS
2026-03-10T21:46:47.258323,141.196.233.213,POST,/index.php?id=1 OR 1=1,500,HIGH,SQL Injection Detection,3.84,MALICIOUS
2026-03-10T21:46:48.258323,75.235.71.69,POST,/login,403,CRITICAL,Statistical Anomaly Detection (Z-score),3.77,MALICIOUS
2026-03-10T21:46:49.258323,253.121.146.171,GET,/search?q=' OR 1=1--,403,HIGH,HTTP Brute Force Detection,4.12,MALICIOUS
2026-03-10T21:46:50.258323,173.122.136.53,GET,/search?q=' OR 1=1--,500,CRITICAL,Port Scanning Detection,4.97,MALICIOUS
2026-03-10T21:46:51.258323,108.207.105.149,POST,/phpmyadmin,403,CRITICAL,SSH Brute Force Detection,3.87,MALICIOUS
2026-03-10T21:46:52.258323,26.209.229.19,PUT,/../../../../etc/passwd,403,CRITICAL,HTTP Brute Force Detection,3.82,MALICIOUS
2026-03-10T21:46:53.258323,11.7.60.120,PUT,/../../../../etc/passwd,500,HIGH,SQL Injection Detection,3.89,MALICIOUS
2026-03-10T21:46:54.258323,71.101.219.86,POST,/../../../../etc/passwd,500,HIGH,HTTP Brute Force Detection,3.15,MALICIOUS
2026-03-10T21:46:55.258323,153.50.15.79,GET,/../../../../etc/passwd,500,HIGH,Statistical Anomaly Detection (Z-score),3.25,MALICIOUS
2026-03-10T21:46:56.258323,193.196.235.195,GET,/phpmyadmin,500,HIGH,HTTP Brute Force Detection,4.04,MALICIOUS
2026-03-10T21:46:57.258323,141.126.62.109,POST,/login,500,CRITICAL,SQL Injection Detection,4.04,MALICIOUS
2026-03-10T21:46:58.258323,2.252.220.182,POST,/index.php?id=1 OR 1=1,403,CRITICAL,Statistical Anomaly Detection (Z-score),3.11,MALICIOUS
2026-03-10T21:46:59.258323,153.25.119.26,PUT,/index.php?id=1 OR 1=1,401,HIGH,Port Scanning Detection,4.31,MALICIOUS
2026-03-10T21:47:00.258323,229.158.2.207,GET,/phpmyadmin,403,CRITICAL,Directory Traversal Detection,3.08,MALICIOUS
2026-03-10T21:47:01.258323,137.114.177.218,POST,/admin,403,CRITICAL,HTTP Brute Force Detection,3.86,MALICIOUS
2026-03-10T21:47:02.258323,63.244.156.145,POST,/index.php?id=1 OR 1=1,401,CRITICAL,Statistical Anomaly Detection (Z-score),3.16,MALICIOUS
2026-03-10T21:47:03.258323,153.8.157.10,POST,/admin,500,HIGH,Port Scanning Detection,4.88,MALICIOUS
2026-03-10T21:47:04.258323,189.193.83.120,GET,/wp-login.php,500,HIGH,SSH Brute Force Detection,4.96,MALICIOUS
2026-03-10T21:47:05.258323,70.149.209.38,GET,/search?q=' OR 1=1--,500,HIGH,HTTP Brute Force Detection,3.7,MALICIOUS
2026-03-10T21:47:06.258323,39.248.21.254,POST,/wp-login.php,403,HIGH,SQL Injection Detection,4.02,MALICIOUS
2026-03-10T21:47:07.258323,183.159.249.145,PUT,/index.php?id=1 OR 1=1,403,HIGH,Statistical Anomaly Detection (Z-score),3.44,MALICIOUS
2026-03-10T21:47:08.258323,249.221.133.212,GET,/index.php?id=1 OR 1=1,403,HIGH,Statistical Anomaly Detection (Z-score),3.48,MALICIOUS
2026-03-10T21:47:09.258323,136.25.225.194,PUT,/admin,500,CRITICAL,SSH Brute Force Detection,4.46,MALICIOUS
2026-03-10T21:47:10.258323,109.237.135.23,GET,/search?q=' OR 1=1--,403,CRITICAL,SSH Brute Force Detection,4.71,MALICIOUS
2026-03-10T21:47:11.258323,48.36.46.35,PUT,/search?q=' OR 1=1--,401,CRITICAL,SQL Injection Detection,3.93,MALICIOUS
2026-03-10T21:47:12.258323,176.112.119.59,PUT,/phpmyadmin,401,CRITICAL,Port Scanning Detection,3.33,MALICIOUS
2026-03-10T21:47:13.258323,36.19.200.48,POST,/phpmyadmin,401,HIGH,Statistical Anomaly Detection (Z-score),3.36,MALICIOUS
2026-03-10T21:47:14.258323,182.132.250.150,PUT,/admin,401,CRITICAL,SQL Injection Detection,4.83,MALICIOUS
2026-03-10T21:47:15.258323,28.59.168.128,GET,/index.php?id=1 OR 1=1,500,CRITICAL,SSH Brute Force Detection,4.01,MALICIOUS
2026-03-10T21:47:16.258323,50.242.165.15,POST,/search?q=' OR 1=1--,401,CRITICAL,Directory Traversal Detection,3.98,MALICIOUS
2026-03-10T21:47:17.258323,198.138.97.109,GET,/search?q=' OR 1=1--,500,CRITICAL,Directory Traversal Detection,4.24,MALICIOUS
2026-03-10T21:47:18.258323,72.131.122.246,PUT,/../../../../etc/passwd,403,CRITICAL,SQL Injection Detection,3.25,MALICIOUS
2026-03-10T21:47:19.258323,150.82.140.74,GET,/index.php?id=1 OR 1=1,500,HIGH,Statistical Anomaly Detection (Z-score),4.3,MALICIOUS
2026-03-10T21:47:20.258323,15.123.13.90,PUT,/wp-login.php,500,CRITICAL,Port Scanning Detection,4.17,MALICIOUS
2026-03-10T21:47:21.258323,216.188.214.22,GET,/phpmyadmin,500,HIGH,Port Scanning Detection,4.99,MALICIOUS
2026-03-10T21:47:22.258323,252.117.111.5,POST,/search?q=' OR 1=1--,403,CRITICAL,Port Scanning Detection,4.82,MALICIOUS
2026-03-10T21:47:23.258323,235.197.254.201,POST,/../../../../etc/passwd,500,CRITICAL,SSH Brute Force Detection,4.1,MALICIOUS
2026-03-10T21:47:24.258323,33.190.125.147,GET,/admin,500,CRITICAL,SQL Injection Detection,3.53,MALICIOUS
2026-03-10T21:47:25.258323,93.103.100.47,PUT,/login,401,CRITICAL,Statistical Anomaly Detection (Z-score),3.27,MALICIOUS
2026-03-10T21:47:26.258323,37.229.183.35,POST,/index.php?id=1 OR 1=1,403,HIGH,Port Scanning Detection,4.6,MALICIOUS
2026-03-10T21:47:27.258323,214.57.49.249,POST,/wp-login.php,500,CRITICAL,Statistical Anomaly Detection (Z-score),4.62,MALICIOUS
2026-03-10T21:47:28.258323,190.97.57.102,PUT,/../../../../etc/passwd,500,HIGH,Port Scanning Detection,4.91,MALICIOUS
2026-03-10T21:47:29.258323,81.98.158.165,POST,/admin,401,CRITICAL,HTTP Brute Force Detection,4.57,MALICIOUS
2026-03-10T21:47:30.258323,52.154.181.3,PUT,/../../../../etc/passwd,403,HIGH,HTTP Brute Force Detection,4.52,MALICIOUS
2026-03-10T21:47:31.258323,243.183.76.3,GET,/phpmyadmin,500,CRITICAL,SSH Brute Force Detection,3.8,MALICIOUS
2026-03-10T21:47:32.258323,144.97.186.189,POST,/../../../../etc/passwd,401,HIGH,HTTP Brute Force Detection,3.47,MALICIOUS
2026-03-10T21:47:33.258323,155.252.203.227,GET,/wp-login.php,403,HIGH,HTTP Brute Force Detection,4.51,MALICIOUS
2026-03-10T21:47:34.258323,198.29.48.35,POST,/admin,500,CRITICAL,Directory Traversal Detection,4.28,MALICIOUS
2026-03-10T21:47:35.258323,245.156.181.199,POST,/phpmyadmin,401,HIGH,SSH Brute Force Detection,3.44,MALICIOUS
2026-03-10T21:47:36.258323,169.134.133.56,GET,/search?q=' OR 1=1--,403,HIGH,SQL Injection Detection,4.92,MALICIOUS
2026-03-10T21:47:37.258323,141.134.133.70,PUT,/../../../../etc/passwd,500,HIGH,SSH Brute Force Detection,4.49,MALICIOUS
2026-03-10T21:47:38.258323,189.235.191.125,POST,/search?q=' OR 1=1--,403,HIGH,Directory Traversal Detection,3.67,MALICIOUS
2026-03-10T21:47:39.258323,210.106.62.73,PUT,/wp-login.php,403,CRITICAL,HTTP Brute Force Detection,3.35,MALICIOUS
2026-03-10T21:47:40.258323,114.201.249.68,PUT,/login,401,CRITICAL,Directory Traversal Detection,4.61,MALICIOUS
2026-03-10T21:47:41.258323,154.140.211.130,GET,/search?q=' OR 1=1--,500,HIGH,Port Scanning Detection,4.16,MALICIOUS
2026-03-10T21:47:42.258323,132.254.221.52,GET,/login,401,CRITICAL,Directory Traversal Detection,3.67,MALICIOUS
2026-03-10T21:47:43.258323,234.150.149.20,GET,/phpmyadmin,403,HIGH,Directory Traversal Detection,4.21,MALICIOUS
2026-03-10T21:47:44.258323,186.26.62.122,POST,/wp-login.php,500,CRITICAL,Port Scanning Detection,3.55,MALICIOUS
2026-03-10T21:47:45.258323,93.89.60.108,GET,/login,500,HIGH,Port Scanning Detection,3.5,MALICIOUS
2026-03-10T21:47:46.258323,248.246.205.115,GET,/search?q=' OR 1=1--,403,HIGH,SQL Injection Detection,3.64,MALICIOUS
2026-03-10T21:47:47.258323,52.167.70.172,GET,/../../../../etc/passwd,500,HIGH,HTTP Brute Force Detection,3.04,MALICIOUS
2026-03-10T21:47:48.258323,236.88.90.223,GET,/wp-login.php,500,HIGH,SQL Injection Detection,3.96,MALICIOUS
2026-03-10T21:47:49.258323,63.146.205.255,GET,/search?q=' OR 1=1--,403,HIGH,Statistical Anomaly Detection (Z-score),3.98,MALICIOUS
2026-03-10T21:47:50.258323,80.94.118.253,PUT,/search?q=' OR 1=1--,500,HIGH,Statistical Anomaly Detection (Z-score),3.99,MALICIOUS
2026-03-10T21:47:51.258323,147.218.139.66,GET,/../../../../etc/passwd,401,CRITICAL,Port Scanning Detection,3.14,MALICIOUS
2026-03-10T21:47:52.258323,250.118.30.104,POST,/phpmyadmin,403,HIGH,Statistical Anomaly Detection (Z-score),4.6,MALICIOUS
2026-03-10T21:47:53.258323,198.208.104.210,GET,/wp-login.php,403,CRITICAL,SQL Injection Detection,4.69,MALICIOUS
2026-03-10T21:47:54.258323,199.92.21.230,GET,/index.php?id=1 OR 1=1,403,CRITICAL,Directory Traversal Detection,4.69,MALICIOUS
2026-03-10T21:47:55.258323,98.172.115.223,PUT,/admin,500,HIGH,Directory Traversal Detection,3.28,MALICIOUS
2026-03-10T21:47:56.258323,124.102.80.202,GET,/phpmyadmin,500,CRITICAL,SQL Injection Detection,4.64,MALICIOUS
2026-03-10T21:47:57.258323,56.65.10.68,PUT,/search?q=' OR 1=1--,403,HIGH,SQL Injection Detection,3.35,MALICIOUS
2026-03-10T21:47:58.258323,165.102.101.197,GET,/phpmyadmin,403,HIGH,SQL Injection Detection,4.81,MALICIOUS
2026-03-10T21:47:59.258323,159.36.15.99,PUT,/wp-login.php,500,HIGH,SSH Brute Force Detection,4.78,MALICIOUS
2026-03-10T21:48:00.258323,184.2.181.16,GET,/login,500,CRITICAL,HTTP Brute Force Detection,4.82,MALICIOUS
2026-03-10T21:48:01.258323,57.211.186.237,POST,/admin,500,CRITICAL,Statistical Anomaly Detection (Z-score),4.48,MALICIOUS
2026-03-10T21:48:02.258323,139.103.5.225,POST,/admin,401,HIGH,SQL Injection Detection,4.54,MALICIOUS
2026-03-10T21:48:03.258323,17.27.5.58,GET,/../../../../etc/passwd,403,CRITICAL,SSH Brute Force Detection,3.02,MALICIOUS
2026-03-10T21:48:04.258323,161.44.144.160,POST,/search?q=' OR 1=1--,403,HIGH,SQL Injection Detection,4.79,MALICIOUS
2026-03-10T21:48:05.258323,127.74.56.61,PUT,/index.php?id=1 OR 1=1,403,CRITICAL,SQL Injection Detection,4.55,MALICIOUS
2026-03-10T21:48:06.258323,3.123.142.16,GET,/phpmyadmin,401,HIGH,Statistical Anomaly Detection (Z-score),3.19,MALICIOUS
2026-03-10T21:48:07.258323,36.83.127.115,GET,/admin,500,CRITICAL,SQL Injection Detection,4.58,MALICIOUS
2026-03-10T21:48:08.258323,248.87.113.120,GET,/login,500,HIGH,SSH Brute Force Detection,3.42,MALICIOUS
2026-03-10T21:48:09.258323,166.111.239.194,GET,/index.php?id=1 OR 1=1,500,CRITICAL,Port Scanning Detection,3.3,MALICIOUS
2026-03-10T21:48:10.258323,84.103.231.67,GET,/../../../../etc/passwd,403,HIGH,SQL Injection Detection,3.04,MALICIOUS
2026-03-10T21:48:11.258323,63.19.156.223,POST,/search?q=' OR 1=1--,401,CRITICAL,Port Scanning Detection,3.04,MALICIOUS
2026-03-10T21:48:12.258323,136.25.55.57,PUT,/phpmyadmin,401,HIGH,SQL Injection Detection,3.28,MALICIOUS
2026-03-10T21:48:13.258323,247.48.110.46,GET,/login,403,CRITICAL,HTTP Brute Force Detection,3.37,MALICIOUS
2026-03-10T21:48:14.258323,186.193.208.97,POST,/../../../../etc/passwd,500,HIGH,SSH Brute Force Detection,3.44,MALICIOUS
2026-03-10T21:48:15.258323,120.22.229.142,GET,/admin,500,CRITICAL,HTTP Brute Force Detection,4.32,MALICIOUS
2026-03-10T21:48:16.258323,167.165.128.36,GET,/index.php?id=1 OR 1=1,403,CRITICAL,Statistical Anomaly Detection (Z-score),4.88,MALICIOUS
2026-03-10T21:48:17.258323,188.54.186.136,PUT,/login,403,HIGH,Statistical Anomaly Detection (Z-score),3.1,MALICIOUS
2026-03-10T21:48:18.258323,93.143.18.32,PUT,/admin,403,HIGH,SQL Injection Detection,4.86,MALICIOUS
2026-03-10T21:48:19.258323,141.4.111.116,POST,/wp-login.php,401,CRITICAL,Port Scanning Detection,4.56,MALICIOUS
2026-03-10T21:48:20.258323,228.29.185.138,POST,/login,500,CRITICAL,Port Scanning Detection,3.42,MALICIOUS
2026-03-10T21:48:21.258323,64.115.65.101,POST,/search?q=' OR 1=1--,500,HIGH,Port Scanning Detection,3.73,MALICIOUS
2026-03-10T21:48:22.258323,156.30.80.209,GET,/wp-login.php,403,CRITICAL,SQL Injection Detection,4.58,MALICIOUS
2026-03-10T21:48:23.258323,99.58.138.12,PUT,/phpmyadmin,401,CRITICAL,Statistical Anomaly Detection (Z-score),3.74,MALICIOUS
2026-03-10T21:48:24.258323,229.128.229.245,PUT,/login,500,HIGH,SQL Injection Detection,4.17,MALICIOUS
2026-03-10T21:48:25.258323,175.246.170.17,GET,/phpmyadmin,401,CRITICAL,HTTP Brute Force Detection,3.11,MALICIOUS
2026-03-10T21:48:26.258323,227.16.72.238,PUT,/index.php?id=1 OR 1=1,403,CRITICAL,Statistical Anomaly Detection (Z-score),3.33,MALICIOUS
2026-03-10T21:48:27.258323,171.146.171.178,POST,/login,403,HIGH,HTTP Brute Force Detection,4.04,MALICIOUS
2026-03-10T21:48:28.258323,189.77.99.223,GET,/../../../../etc/passwd,500,CRITICAL,Directory Traversal Detection,4.18,MALICIOUS
2026-03-10T21:48:29.258323,136.209.208.64,POST,/login,500,CRITICAL,SQL Injection Detection,4.97,MALICIOUS
2026-03-10T21:48:30.258323,229.196.98.75,POST,/admin,500,CRITICAL,Port Scanning Detection,3.93,MALICIOUS
2026-03-10T21:48:31.258323,120.1.178.215,PUT,/search?q=' OR 1=1--,500,HIGH,SSH Brute Force Detection,4.68,MALICIOUS
2026-03-10T21:48:32.258323,222.163.250.248,PUT,/wp-login.php,500,CRITICAL,HTTP Brute Force Detection,3.63,MALICIOUS
2026-03-10T21:48:33.258323,158.6.70.233,POST,/search?q=' OR 1=1--,403,CRITICAL,Directory Traversal Detection,4.34,MALICIOUS
2026-03-10T21:48:34.258323,114.115.148.241,GET,/admin,500,HIGH,SQL Injection Detection,3.4,MALICIOUS
2026-03-10T21:48:35.258323,231.254.2.16,PUT,/admin,500,CRITICAL,Directory Traversal Detection,3.03,MALICIOUS
2026-03-10T21:48:36.258323,27.169.83.154,PUT,/wp-login.php,403,CRITICAL,Port Scanning Detection,3.83,MALICIOUS
2026-03-10T21:48:37.258323,175.64.77.208,GET,/phpmyadmin,401,HIGH,Port Scanning Detection,3.45,MALICIOUS
2026-03-10T21:48:38.258323,84.142.21.74,PUT,/phpmyadmin,500,HIGH,Statistical Anomaly Detection (Z-score),3.63,MALICIOUS
2026-03-10T21:48:39.258323,2.67.141.192,POST,/index.php?id=1 OR 1=1,403,HIGH,Port Scanning Detection,3.05,MALICIOUS
2026-03-10T21:48:40.258323,110.70.21.67,PUT,/../../../../etc/passwd,500,HIGH,HTTP Brute Force Detection,4.92,MALICIOUS
2026-03-10T21:48:41.258323,160.29.27.88,GET,/../../../../etc/passwd,401,HIGH,SQL Injection Detection,3.24,MALICIOUS
2026-03-10T21:48:42.258323,44.4.214.131,PUT,/search?q=' OR 1=1--,500,CRITICAL,Statistical Anomaly Detection (Z-score),4.41,MALICIOUS
2026-03-10T21:48:43.258323,2.140.113.28,GET,/search?q=' OR 1=1--,500,CRITICAL,Port Scanning Detection,4.63,MALICIOUS
2026-03-10T21:48:44.258323,131.105.193.133,GET,/admin,403,HIGH,Statistical Anomaly Detection (Z-score),3.77,MALICIOUS
2026-03-10T21:48:45.258323,74.196.10.111,PUT,/admin,401,HIGH,SQL Injection Detection,4.54,MALICIOUS
2026-03-10T21:48:46.258323,214.70.90.252,GET,/../../../../etc/passwd,401,CRITICAL,Port Scanning Detection,3.26,MALICIOUS
2026-03-10T21:48:47.258323,177.157.110.61,POST,/login,401,CRITICAL,Directory Traversal Detection,4.77,MALICIOUS
2026-03-10T21:48:48.258323,197.171.172.3,POST,/search?q=' OR 1=1--,500,HIGH,Port Scanning Detection,4.8,MALICIOUS
2026-03-10T21:48:49.258323,226.75.163.60,PUT,/login,500,HIGH,Statistical Anomaly Detection (Z-score),4.56,MALICIOUS
2026-03-10T21:48:50.258323,97.118.135.223,GET,/index.php?id=1 OR 1=1,500,HIGH,Directory Traversal Detection,4.01,MALICIOUS
2026-03-10T21:48:51.258323,242.222.178.28,GET,/index.php?id=1 OR 1=1,500,HIGH,Port Scanning Detection,3.35,MALICIOUS
2026-03-10T21:48:52.258323,138.28.161.77,PUT,/admin,500,CRITICAL,SQL Injection Detection,3.44,MALICIOUS
2026-03-10T21:48:53.258323,88.143.204.192,PUT,/phpmyadmin,500,HIGH,SSH Brute Force Detection,3.94,MALICIOUS
2026-03-10T21:48:54.258323,141.173.84.176,PUT,/admin,500,CRITICAL,Directory Traversal Detection,4.13,MALICIOUS
2026-03-10T21:48:55.258323,10.88.176.84,POST,/wp-login.php,401,CRITICAL,Port Scanning Detection,4.62,MALICIOUS
2026-03-10T21:48:56.258323,14.89.21.219,POST,/wp-login.php,500,CRITICAL,HTTP Brute Force Detection,4.66,MALICIOUS
2026-03-10T21:48:57.258323,33.154.8.124,PUT,/index.php?id=1 OR 1=1,500,CRITICAL,Directory Traversal Detection,3.36,MALICIOUS
2026-03-10T21:48:58.258323,103.200.238.156,GET,/index.php?id=1 OR 1=1,403,HIGH,HTTP Brute Force Detection,4.21,MALICIOUS
2026-03-10T21:48:59.258323,140.142.149.208,GET,/admin,403,HIGH,SQL Injection Detection,3.17,MALICIOUS
2026-03-10T21:49:00.258323,54.79.179.141,GET,/login,403,CRITICAL,Statistical Anomaly Detection (Z-score),3.55,MALICIOUS
2026-03-10T21:49:01.258323,77.148.150.83,PUT,/wp-login.php,401,HIGH,HTTP Brute Force Detection,4.63,MALICIOUS
2026-03-10T21:49:02.258323,45.22.119.39,PUT,/search?q=' OR 1=1--,403,CRITICAL,Port Scanning Detection,4.45,MALICIOUS
2026-03-10T21:49:03.258323,209.49.232.58,GET,/search?q=' OR 1=1--,403,HIGH,Statistical Anomaly Detection (Z-score),3.42,MALICIOUS
2026-03-10T21:49:04.258323,27.180.237.44,POST,/../../../../etc/passwd,401,HIGH,Statistical Anomaly Detection (Z-score),4.1,MALICIOUS
2026-03-10T21:49:05.258323,53.217.195.18,POST,/index.php?id=1 OR 1=1,500,CRITICAL,Directory Traversal Detection,3.34,MALICIOUS
2026-03-10T21:49:06.258323,253.13.251.148,GET,/admin,401,HIGH,HTTP Brute Force Detection,3.19,MALICIOUS
2026-03-10T21:49:07.258323,220.154.146.31,PUT,/admin,401,CRITICAL,Directory Traversal Detection,4.81,MALICIOUS
2026-03-10T21:49:08.258323,11.89.179.150,PUT,/index.php?id=1 OR 1=1,500,HIGH,SQL Injection Detection,3.13,MALICIOUS
2026-03-10T21:49:09.258323,125.58.140.35,PUT,/login,500,CRITICAL,Port Scanning Detection,4.76,MALICIOUS
2026-03-10T21:49:10.258323,99.255.115.214,GET,/admin,401,HIGH,Statistical Anomaly Detection (Z-score),3.95,MALICIOUS
2026-03-10T21:49:11.258323,28.148.246.121,POST,/wp-login.php,401,CRITICAL,Port Scanning Detection,3.15,MALICIOUS
2026-03-10T21:49:12.258323,150.52.244.239,PUT,/search?q=' OR 1=1--,403,CRITICAL,HTTP Brute Force Detection,4.59,MALICIOUS
2026-03-10T21:49:13.258323,108.212.252.232,GET,/login,500,HIGH,Directory Traversal Detection,4.83,MALICIOUS
2026-03-10T21:49:14.258323,51.121.113.146,GET,/index.php?id=1 OR 1=1,401,HIGH,Directory Traversal Detection,4.01,MALICIOUS
2026-03-10T21:49:15.258323,174.33.113.212,PUT,/phpmyadmin,500,HIGH,SSH Brute Force Detection,3.98,MALICIOUS
2026-03-10T21:49:16.258323,180.198.203.155,POST,/phpmyadmin,403,HIGH,SSH Brute Force Detection,3.29,MALICIOUS
2026-03-10T21:49:17.258323,210.123.156.209,PUT,/search?q=' OR 1=1--,403,HIGH,SQL Injection Detection,3.76,MALICIOUS
2026-03-10T21:49:18.258323,136.58.31.169,GET,/../../../../etc/passwd,401,CRITICAL,HTTP Brute Force Detection,4.13,MALICIOUS
2026-03-10T21:49:19.258323,219.44.238.108,PUT,/index.php?id=1 OR 1=1,500,CRITICAL,HTTP Brute Force Detection,4.58,MALICIOUS
2026-03-10T21:49:20.258323,206.103.188.23,PUT,/wp-login.php,403,HIGH,SQL Injection Detection,3.7,MALICIOUS
2026-03-10T21:49:21.258323,217.129.247.47,GET,/search?q=' OR 1=1--,401,CRITICAL,Statistical Anomaly Detection (Z-score),4.04,MALICIOUS
2026-03-10T21:49:22.258323,86.235.58.199,PUT,/../../../../etc/passwd,401,HIGH,HTTP Brute Force Detection,4.0,MALICIOUS
2026-03-10T21:49:23.258323,51.10.8.117,PUT,/../../../../etc/passwd,500,CRITICAL,Directory Traversal Detection,3.14,MALICIOUS
2026-03-10T21:49:24.258323,46.244.122.47,POST,/phpmyadmin,500,CRITICAL,Directory Traversal Detection,4.41,MALICIOUS
2026-03-10T21:49:25.258323,81.161.187.101,POST,/admin,403,HIGH,Directory Traversal Detection,3.82,MALICIOUS
2026-03-10T21:49:26.258323,43.152.83.20,GET,/search?q=' OR 1=1--,500,HIGH,Directory Traversal Detection,4.89,MALICIOUS
2026-03-10T21:49:27.258323,88.95.58.86,GET,/search?q=' OR 1=1--,403,HIGH,Directory Traversal Detection,3.2,MALICIOUS
2026-03-10T21:49:28.258323,151.232.37.22,PUT,/wp-login.php,500,CRITICAL,Directory Traversal Detection,4.82,MALICIOUS
2026-03-10T21:49:29.258323,86.146.160.211,POST,/wp-login.php,500,CRITICAL,Statistical Anomaly Detection (Z-score),3.96,MALICIOUS
2026-03-10T21:49:30.258323,62.147.126.35,GET,/../../../../etc/passwd,403,HIGH,Directory Traversal Detection,3.92,MALICIOUS
2026-03-10T21:49:31.258323,49.4.37.186,PUT,/../../../../etc/passwd,500,CRITICAL,Directory Traversal Detection,4.7,MALICIOUS
2026-03-10T21:49:32.258323,186.62.246.34,GET,/admin,401,HIGH,Statistical Anomaly Detection (Z-score),3.39,MALICIOUS
2026-03-10T21:49:33.258323,248.115.230.233,PUT,/../../../../etc/passwd,500,HIGH,SSH Brute Force Detection,3.92,MALICIOUS
2026-03-10T21:49:34.258323,145.100.89.80,GET,/admin,500,HIGH,HTTP Brute Force Detection,3.82,MALICIOUS
2026-03-10T21:49:35.258323,254.94.63.9,PUT,/../../../../etc/passwd,401,HIGH,SSH Brute Force Detection,3.13,MALICIOUS
2026-03-10T21:49:36.258323,227.139.182.57,POST,/../../../../etc/passwd,500,HIGH,Port Scanning Detection,4.84,MALICIOUS
2026-03-10T21:49:37.258323,225.82.225.84,PUT,/login,500,HIGH,SQL Injection Detection,4.12,MALICIOUS
2026-03-10T21:49:38.258323,236.183.233.194,PUT,/../../../../etc/passwd,401,CRITICAL,SQL Injection Detection,4.68,MALICIOUS
2026-03-10T21:49:39.258323,91.100.208.230,GET,/phpmyadmin,500,HIGH,Port Scanning Detection,4.63,MALICIOUS
2026-03-10T21:49:40.258323,239.166.65.110,POST,/search?q=' OR 1=1--,500,HIGH,Statistical Anomaly Detection (Z-score),4.07,MALICIOUS
2026-03-10T21:49:41.258323,130.83.207.33,GET,/phpmyadmin,403,HIGH,HTTP Brute Force Detection,4.94,MALICIOUS
2026-03-10T21:49:42.258323,182.121.237.191,POST,/search?q=' OR 1=1--,500,CRITICAL,Directory Traversal Detection,3.21,MALICIOUS
2026-03-10T21:49:43.258323,174.241.57.243,GET,/phpmyadmin,403,CRITICAL,HTTP Brute Force Detection,3.87,MALICIOUS
2026-03-10T21:49:44.258323,56.218.45.11,POST,/index.php?id=1 OR 1=1,401,CRITICAL,HTTP Brute Force Detection,4.88,MALICIOUS
2026-03-10T21:49:45.258323,9.193.201.254,POST,/phpmyadmin,401,HIGH,SSH Brute Force Detection,4.57,MALICIOUS
2026-03-10T21:49:46.258323,79.132.66.80,POST,/../../../../etc/passwd,401,HIGH,HTTP Brute Force Detection,4.78,MALICIOUS
2026-03-10T21:49:47.258323,71.155.165.232,POST,/search?q=' OR 1=1--,403,HIGH,Directory Traversal Detection,3.3,MALICIOUS
2026-03-10T21:49:48.258323,245.24.64.205,GET,/wp-login.php,500,CRITICAL,Statistical Anomaly Detection (Z-score),3.22,MALICIOUS
2026-03-10T21:49:49.258323,79.138.15.124,POST,/search?q=' OR 1=1--,401,CRITICAL,Directory Traversal Detection,4.16,MALICIOUS
2026-03-10T21:49:50.258323,81.218.205.234,PUT,/login,403,CRITICAL,Port Scanning Detection,4.93,MALICIOUS
2026-03-10T21:49:51.258323,98.96.43.13,PUT,/index.php?id=1 OR 1=1,403,CRITICAL,Statistical Anomaly Detection (Z-score),3.21,MALICIOUS
2026-03-10T21:49:52.258323,212.137.219.53,PUT,/search?q=' OR 1=1--,500,CRITICAL,Port Scanning Detection,3.68,MALICIOUS
2026-03-10T21:49:53.258323,183.201.134.252,GET,/search?q=' OR 1=1--,500,HIGH,HTTP Brute Force Detection,3.13,MALICIOUS
2026-03-10T21:49:54.258323,113.233.223.115,PUT,/phpmyadmin,401,CRITICAL,Port Scanning Detection,3.06,MALICIOUS
2026-03-10T21:49:55.258323,11.116.221.199,PUT,/../../../../etc/passwd,500,CRITICAL,Port Scanning Detection,4.49,MALICIOUS
2026-03-10T21:49:56.258323,146.133.176.133,POST,/wp-login.php,403,CRITICAL,SQL Injection Detection,4.12,MALICIOUS
2026-03-10T21:49:57.258323,177.103.15.21,POST,/wp-login.php,500,HIGH,Statistical Anomaly Detection (Z-score),3.92,MALICIOUS
2026-03-10T21:49:58.258323,204.216.14.253,POST,/wp-login.php,500,CRITICAL,SQL Injection Detection,4.41,MALICIOUS
2026-03-10T21:49:59.258323,154.73.38.94,GET,/search?q=' OR 1=1--,403,CRITICAL,Statistical Anomaly Detection (Z-score),4.32,MALICIOUS
2026-03-10T21:50:00.258323,62.118.57.218,GET,/phpmyadmin,401,CRITICAL,SSH Brute Force Detection,3.13,MALICIOUS
2026-03-10T21:50:01.258323,77.36.190.67,PUT,/login,500,CRITICAL,SQL Injection Detection,3.25,MALICIOUS
2026-03-10T21:50:02.258323,37.138.63.156,GET,/../../../../etc/passwd,500,CRITICAL,Port Scanning Detection,3.97,MALICIOUS
2026-03-10T21:50:03.258323,96.128.224.150,POST,/search?q=' OR 1=1--,401,HIGH,Port Scanning Detection,4.09,MALICIOUS
2026-03-10T21:50:04.258323,184.54.254.148,PUT,/phpmyadmin,401,CRITICAL,Statistical Anomaly Detection (Z-score),3.55,MALICIOUS
2026-03-10T21:50:05.258323,231.39.114.50,GET,/../../../../etc/passwd,403,CRITICAL,Statistical Anomaly Detection (Z-score),4.3,MALICIOUS
2026-03-10T21:50:06.258323,72.98.132.22,GET,/phpmyadmin,500,CRITICAL,Statistical Anomaly Detection (Z-score),3.1,MALICIOUS
2026-03-10T21:50:07.258323,9.28.236.164,PUT,/wp-login.php,500,CRITICAL,Statistical Anomaly Detection (Z-score),4.94,MALICIOUS
2026-03-10T21:50:08.258323,169.229.141.228,PUT,/search?q=' OR 1=1--,401,HIGH,SSH Brute Force Detection,4.17,MALICIOUS
2026-03-10T21:50:09.258323,227.178.33.170,PUT,/wp-login.php,500,HIGH,SSH Brute Force Detection,4.29,MALICIOUS
2026-03-10T21:50:10.258323,238.102.201.94,POST,/index.php?id=1 OR 1=1,500,CRITICAL,Port Scanning Detection,3.34,MALICIOUS
2026-03-10T21:50:11.258323,67.63.219.196,POST,/phpmyadmin,403,HIGH,SSH Brute Force Detection,4.89,MALICIOUS
2026-03-10T21:50:12.258323,10.92.80.228,POST,/phpmyadmin,500,CRITICAL,SQL Injection Detection,3.17,MALICIOUS
2026-03-10T21:50:13.258323,254.183.113.99,GET,/../../../../etc/passwd,403,CRITICAL,SSH Brute Force Detection,4.09,MALICIOUS
2026-03-10T21:50:14.258323,10.69.192.206,POST,/index.php?id=1 OR 1=1,500,HIGH,SSH Brute Force Detection,3.35,MALICIOUS
2026-03-10T21:50:15.258323,15.207.243.223,GET,/admin,500,CRITICAL,Port Scanning Detection,4.59,MALICIOUS
2026-03-10T21:50:16.258323,34.249.230.53,POST,/admin,500,CRITICAL,HTTP Brute Force Detection,3.94,MALICIOUS
2026-03-10T21:50:17.258323,24.2.195.16,GET,/../../../../etc/passwd,403,CRITICAL,Port Scanning Detection,4.98,MALICIOUS
2026-03-10T21:50:18.258323,214.188.246.89,PUT,/index.php?id=1 OR 1=1,500,HIGH,HTTP Brute Force Detection,3.12,MALICIOUS
2026-03-10T21:50:19.258323,60.83.45.244,PUT,/search?q=' OR 1=1--,403,CRITICAL,Port Scanning Detection,4.79,MALICIOUS
2026-03-10T21:50:20.258323,195.246.79.179,GET,/index.php?id=1 OR 1=1,403,HIGH,HTTP Brute Force Detection,4.94,MALICIOUS
2026-03-10T21:50:21.258323,116.87.39.13,PUT,/index.php?id=1 OR 1=1,500,CRITICAL,Directory Traversal Detection,4.74,MALICIOUS
2026-03-10T21:50:22.258323,27.160.231.207,POST,/login,401,HIGH,SQL Injection Detection,3.58,MALICIOUS
2026-03-10T21:50:23.258323,117.45.29.83,POST,/search?q=' OR 1=1--,500,HIGH,Statistical Anomaly Detection (Z-score),3.01,MALICIOUS
2026-03-10T21:50:24.258323,95.53.115.73,GET,/../../../../etc/passwd,403,HIGH,Port Scanning Detection,3.64,MALICIOUS
2026-03-10T21:50:25.258323,181.61.133.216,PUT,/phpmyadmin,403,CRITICAL,Directory Traversal Detection,3.18,MALICIOUS
2026-03-10T21:50:26.258323,207.181.169.215,PUT,/phpmyadmin,403,CRITICAL,Statistical Anomaly Detection (Z-score),4.7,MALICIOUS
2026-03-10T21:50:27.258323,17.218.254.113,GET,/login,403,HIGH,HTTP Brute Force Detection,4.8,MALICIOUS
2026-03-10T21:50:28.258323,111.148.41.132,POST,/search?q=' OR 1=1--,403,CRITICAL,HTTP Brute Force Detection,4.76,MALICIOUS
2026-03-10T21:50:29.258323,245.54.226.64,GET,/admin,403,HIGH,HTTP Brute Force Detection,3.49,MALICIOUS
2026-03-10T21:50:30.258323,23.102.111.255,PUT,/search?q=' OR 1=1--,500,CRITICAL,Statistical Anomaly Detection (Z-score),3.61,MALICIOUS
2026-03-10T21:50:31.258323,235.249.124.231,PUT,/phpmyadmin,403,HIGH,SQL Injection Detection,4.98,MALICIOUS
2026-03-10T21:50:32.258323,113.178.113.147,GET,/../../../../etc/passwd,401,CRITICAL,Statistical Anomaly Detection (Z-score),4.06,MALICIOUS
2026-03-10T21:50:33.258323,30.223.202.110,PUT,/index.php?id=1 OR 1=1,500,CRITICAL,Directory Traversal Detection,4.34,MALICIOUS
2026-03-10T21:50:34.258323,223.195.152.26,PUT,/phpmyadmin,401,HIGH,Port Scanning Detection,4.08,MALICIOUS
2026-03-10T21:50:35.258323,233.240.237.71,POST,/phpmyadmin,500,HIGH,Port Scanning Detection,4.84,MALICIOUS
2026-03-10T21:50:36.258323,23.94.56.153,PUT,/admin,403,HIGH,Directory Traversal Detection,4.65,MALICIOUS
2026-03-10T21:50:37.258323,143.18.3.200,GET,/index.php?id=1 OR 1=1,401,HIGH,HTTP Brute Force Detection,4.95,MALICIOUS
2026-03-10T21:50:38.258323,21.246.200.203,PUT,/wp-login.php,401,CRITICAL,HTTP Brute Force Detection,4.8,MALICIOUS
2026-03-10T21:50:39.258323,254.107.99.138,POST,/index.php?id=1 OR 1=1,401,CRITICAL,Port Scanning Detection,3.67,MALICIOUS
2026-03-10T21:50:40.258323,148.7.55.187,POST,/search?q=' OR 1=1--,500,HIGH,SSH Brute Force Detection,4.32,MALICIOUS
2026-03-10T21:50:41.258323,201.218.84.224,GET,/wp-login.php,500,HIGH,Directory Traversal Detection,3.66,MALICIOUS
2026-03-10T21:50:42.258323,85.150.125.205,PUT,/../../../../etc/passwd,403,CRITICAL,HTTP Brute Force Detection,3.49,MALICIOUS
2026-03-10T21:50:43.258323,5.89.194.59,POST,/wp-login.php,500,CRITICAL,HTTP Brute Force Detection,3.87,MALICIOUS
2026-03-10T21:50:44.258323,138.160.188.97,PUT,/index.php?id=1 OR 1=1,401,CRITICAL,Port Scanning Detection,3.44,MALICIOUS
2026-03-10T21:50:45.258323,161.23.96.92,PUT,/index.php?id=1 OR 1=1,401,HIGH,HTTP Brute Force Detection,4.53,MALICIOUS
2026-03-10T21:50:46.258323,109.41.194.26,PUT,/index.php?id=1 OR 1=1,403,CRITICAL,SSH Brute Force Detection,3.62,MALICIOUS
2026-03-10T21:50:47.258323,70.6.92.202,GET,/index.php?id=1 OR 1=1,403,HIGH,Statistical Anomaly Detection (Z-score),4.45,MALICIOUS
2026-03-10T21:50:48.258323,236.216.95.80,GET,/login,403,HIGH,HTTP Brute Force Detection,3.81,MALICIOUS
2026-03-10T21:50:49.258323,34.19.214.224,PUT,/../../../../etc/passwd,401,HIGH,Directory Traversal Detection,3.9,MALICIOUS
2026-03-10T21:50:50.258323,75.189.43.106,POST,/search?q=' OR 1=1--,401,HIGH,SQL Injection Detection,3.65,MALICIOUS
2026-03-10T21:50:51.258323,33.196.145.127,POST,/index.php?id=1 OR 1=1,403,HIGH,Directory Traversal Detection,3.34,MALICIOUS
2026-03-10T21:50:52.258323,145.37.93.20,GET,/phpmyadmin,401,CRITICAL,Statistical Anomaly Detection (Z-score),3.1,MALICIOUS
2026-03-10T21:50:53.258323,148.209.23.168,GET,/search?q=' OR 1=1--,403,CRITICAL,SSH Brute Force Detection,3.1,MALICIOUS
2026-03-10T21:50:54.258323,144.60.224.109,GET,/search?q=' OR 1=1--,401,HIGH,Directory Traversal Detection,3.59,MALICIOUS
2026-03-10T21:50:55.258323,25.78.95.64,POST,/admin,403,HIGH,SSH Brute Force Detection,3.46,MALICIOUS
2026-03-10T21:50:56.258323,82.40.131.194,GET,/index.php?id=1 OR 1=1,500,HIGH,Statistical Anomaly Detection (Z-score),3.68,MALICIOUS
2026-03-10T21:50:57.258323,44.55.74.145,GET,/admin,403,HIGH,Statistical Anomaly Detection (Z-score),3.84,MALICIOUS
2026-03-10T21:50:58.258323,25.249.248.103,POST,/search?q=' OR 1=1--,500,HIGH,Directory Traversal Detection,3.46,MALICIOUS
2026-03-10T21:50:59.258323,187.110.249.76,PUT,/search?q=' OR 1=1--,403,CRITICAL,Directory Traversal Detection,4.48,MALICIOUS
2026-03-10T21:51:00.258323,100.85.149.163,POST,/wp-login.php,403,CRITICAL,Directory Traversal Detection,3.31,MALICIOUS
2026-03-10T21:51:01.258323,146.4.39.130,GET,/phpmyadmin,401,CRITICAL,SQL Injection Detection,4.67,MALICIOUS
2026-03-10T21:51:02.258323,190.4.189.33,GET,/search?q=' OR 1=1--,403,HIGH,HTTP Brute Force Detection,3.79,MALICIOUS
2026-03-10T21:51:03.258323,14.73.68.69,GET,/../../../../etc/passwd,401,HIGH,Statistical Anomaly Detection (Z-score),3.73,MALICIOUS
2026-03-10T21:51:04.258323,87.10.66.54,POST,/admin,403,HIGH,Directory Traversal Detection,3.64,MALICIOUS
2026-03-10T21:51:05.258323,41.193.72.91,PUT,/../../../../etc/passwd,500,CRITICAL,Directory Traversal Detection,3.75,MALICIOUS
2026-03-10T21:51:06.258323,216.101.20.178,PUT,/admin,401,HIGH,SQL Injection Detection,3.27,MALICIOUS
2026-03-10T21:51:07.258323,194.235.49.86,PUT,/search?q=' OR 1=1--,403,HIGH,HTTP Brute Force Detection,4.82,MALICIOUS
2026-03-10T21:51:08.258323,10.201.111.196,PUT,/phpmyadmin,401,HIGH,SQL Injection Detection,4.74,MALICIOUS
2026-03-10T21:51:09.258323,29.4.46.97,GET,/wp-login.php,401,CRITICAL,Statistical Anomaly Detection (Z-score),3.96,MALICIOUS
2026-03-10T21:51:10.258323,191.214.169.150,PUT,/search?q=' OR 1=1--,500,CRITICAL,SQL Injection Detection,3.17,MALICIOUS
2026-03-10T21:51:11.258323,246.203.120.225,POST,/search?q=' OR 1=1--,403,CRITICAL,Port Scanning Detection,3.22,MALICIOUS
2026-03-10T21:51:12.258323,23.231.241.35,PUT,/phpmyadmin,500,HIGH,SQL Injection Detection,4.98,MALICIOUS
2026-03-10T21:51:13.258323,164.89.66.108,GET,/phpmyadmin,401,CRITICAL,SQL Injection Detection,3.47,MALICIOUS
2026-03-10T21:51:14.258323,239.95.180.37,GET,/../../../../etc/passwd,403,CRITICAL,Port Scanning Detection,3.19,MALICIOUS
2026-03-10T21:51:15.258323,35.165.86.109,GET,/phpmyadmin,500,HIGH,SQL Injection Detection,3.97,MALICIOUS
2026-03-10T21:51:16.258323,4.95.127.144,PUT,/../../../../etc/passwd,500,CRITICAL,SQL Injection Detection,4.92,MALICIOUS
2026-03-10T21:51:17.258323,146.220.152.20,POST,/index.php?id=1 OR 1=1,403,HIGH,SSH Brute Force Detection,4.68,MALICIOUS
2026-03-10T21:51:18.258323,65.183.112.188,POST,/../../../../etc/passwd,403,HIGH,SSH Brute Force Detection,3.95,MALICIOUS
2026-03-10T21:51:19.258323,187.127.42.84,GET,/index.php?id=1 OR 1=1,401,HIGH,Statistical Anomaly Detection (Z-score),4.75,MALICIOUS
2026-03-10T21:51:20.258323,228.174.18.192,PUT,/login,500,CRITICAL,SSH Brute Force Detection,3.33,MALICIOUS
2026-03-10T21:51:21.258323,96.216.248.115,POST,/index.php?id=1 OR 1=1,401,CRITICAL,SSH Brute Force Detection,4.15,MALICIOUS
2026-03-10T21:51:22.258323,21.6.29.11,POST,/search?q=' OR 1=1--,403,HIGH,SQL Injection Detection,3.21,MALICIOUS
2026-03-10T21:51:23.258323,124.107.112.103,GET,/../../../../etc/passwd,500,HIGH,Directory Traversal Detection,4.45,MALICIOUS
2026-03-10T21:51:24.258323,108.63.212.129,PUT,/search?q=' OR 1=1--,500,HIGH,Port Scanning Detection,3.84,MALICIOUS
2026-03-10T21:51:25.258323,99.17.67.95,GET,/login,401,HIGH,HTTP Brute Force Detection,3.35,MALICIOUS
2026-03-10T21:51:26.258323,222.88.165.116,PUT,/../../../../etc/passwd,500,HIGH,Port Scanning Detection,3.85,MALICIOUS
2026-03-10T21:51:27.258323,51.31.217.80,GET,/../../../../etc/passwd,500,HIGH,HTTP Brute Force Detection,3.98,MALICIOUS
2026-03-10T21:51:28.258323,53.230.248.230,POST,/admin,403,CRITICAL,Port Scanning Detection,4.5,MALICIOUS
2026-03-10T21:51:29.258323,172.190.128.95,PUT,/index.php?id=1 OR 1=1,500,HIGH,SQL Injection Detection,4.05,MALICIOUS
2026-03-10T21:51:30.258323,61.202.153.187,POST,/admin,500,CRITICAL,SQL Injection Detection,3.47,MALICIOUS
2026-03-10T21:51:31.258323,19.248.211.148,POST,/index.php?id=1 OR 1=1,401,CRITICAL,SSH Brute Force Detection,4.01,MALICIOUS
2026-03-10T21:51:32.258323,113.207.252.160,GET,/search?q=' OR 1=1--,403,CRITICAL,SQL Injection Detection,4.37,MALICIOUS
2026-03-10T21:51:33.258323,113.67.217.132,GET,/index.php?id=1 OR 1=1,401,HIGH,Port Scanning Detection,3.26,MALICIOUS
2026-03-10T21:51:34.258323,86.156.8.89,PUT,/phpmyadmin,401,HIGH,SQL Injection Detection,4.77,MALICIOUS
2026-03-10T21:51:35.258323,87.241.178.195,GET,/phpmyadmin,401,HIGH,Port Scanning Detection,3.82,MALICIOUS
2026-03-10T21:51:36.258323,129.200.206.93,GET,/wp-login.php,403,HIGH,HTTP Brute Force Detection,4.03,MALICIOUS
2026-03-10T21:51:37.258323,146.106.39.106,GET,/login,401,HIGH,HTTP Brute Force Detection,3.7,MALICIOUS
2026-03-10T21:51:38.258323,148.110.188.75,PUT,/wp-login.php,403,HIGH,HTTP Brute Force Detection,3.13,MALICIOUS
2026-03-10T21:51:39.258323,203.116.133.100,POST,/admin,401,CRITICAL,Port Scanning Detection,3.77,MALICIOUS
2026-03-10T21:51:40.258323,188.159.135.31,PUT,/wp-login.php,401,HIGH,HTTP Brute Force Detection,4.39,MALICIOUS
2026-03-10T21:51:41.258323,170.89.70.77,PUT,/wp-login.php,500,CRITICAL,Statistical Anomaly Detection (Z-score),4.56,MALICIOUS
2026-03-10T21:51:42.258323,1.24.32.204,PUT,/phpmyadmin,500,HIGH,Directory Traversal Detection,3.57,MALICIOUS
2026-03-10T21:51:43.258323,214.211.27.216,POST,/login,500,HIGH,Statistical Anomaly Detection (Z-score),4.5,MALICIOUS
2026-03-10T21:51:44.258323,118.145.84.125,GET,/wp-login.php,401,CRITICAL,SQL Injection Detection,4.07,MALICIOUS
2026-03-10T21:51:45.258323,118.149.237.56,PUT,/login,401,CRITICAL,Directory Traversal Detection,4.91,MALICIOUS
2026-03-10T21:51:46.258323,128.134.20.187,POST,/wp-login.php,403,CRITICAL,Statistical Anomaly Detection (Z-score),3.79,MALICIOUS
2026-03-10T21:51:47.258323,241.53.242.118,POST,/search?q=' OR 1=1--,401,CRITICAL,Statistical Anomaly Detection (Z-score),3.2,MALICIOUS
2026-03-10T21:51:48.258323,224.39.101.24,PUT,/wp-login.php,403,CRITICAL,SSH Brute Force Detection,4.31,MALICIOUS
2026-03-10T21:51:49.258323,225.31.194.118,POST,/index.php?id=1 OR 1=1,403,HIGH,SQL Injection Detection,3.96,MALICIOUS
2026-03-10T21:51:50.258323,60.106.191.185,GET,/index.php?id=1 OR 1=1,403,HIGH,SQL Injection Detection,3.12,MALICIOUS
2026-03-10T21:51:51.258323,140.145.217.148,GET,/phpmyadmin,403,HIGH,HTTP Brute Force Detection,4.14,MALICIOUS
2026-03-10T21:51:52.258323,19.136.92.76,PUT,/wp-login.php,401,CRITICAL,HTTP Brute Force Detection,3.47,MALICIOUS
2026-03-10T21:51:53.258323,211.201.115.133,PUT,/search?q=' OR 1=1--,403,CRITICAL,Port Scanning Detection,3.56,MALICIOUS
2026-03-10T21:51:54.258323,129.203.29.60,PUT,/search?q=' OR 1=1--,403,HIGH,Port Scanning Detection,3.58,MALICIOUS
2026-03-10T21:51:55.258323,61.104.63.248,GET,/admin,401,CRITICAL,Port Scanning Detection,4.66,MALICIOUS
2026-03-10T21:51:56.258323,49.79.99.40,PUT,/login,401,CRITICAL,SQL Injection Detection,4.81,MALICIOUS
2026-03-10T21:51:57.258323,118.62.155.51,POST,/search?q=' OR 1=1--,500,HIGH,Directory Traversal Detection,3.01,MALICIOUS
2026-03-10T21:51:58.258323,52.28.189.35,POST,/../../../../etc/passwd,403,CRITICAL,HTTP Brute Force Detection,4.52,MALICIOUS
2026-03-10T21:51:59.258323,143.212.197.254,POST,/search?q=' OR 1=1--,401,CRITICAL,SQL Injection Detection,3.97,MALICIOUS
2026-03-10T21:52:00.258323,190.224.108.12,PUT,/../../../../etc/passwd,401,CRITICAL,Statistical Anomaly Detection (Z-score),4.97,MALICIOUS
2026-03-10T21:52:01.258323,72.62.203.253,GET,/wp-login.php,403,CRITICAL,Directory Traversal Detection,4.37,MALICIOUS
2026-03-10T21:52:02.258323,82.9.230.101,POST,/wp-login.php,403,CRITICAL,SQL Injection Detection,3.9,MALICIOUS
2026-03-10T21:52:03.258323,34.24.17.219,GET,/wp-login.php,401,CRITICAL,SSH Brute Force Detection,3.92,MALICIOUS
2026-03-10T21:52:04.258323,200.245.226.56,GET,/../../../../etc/passwd,401,CRITICAL,HTTP Brute Force Detection,3.67,MALICIOUS
2026-03-10T21:52:05.258323,110.154.186.186,PUT,/index.php?id=1 OR 1=1,403,HIGH,Port Scanning Detection,3.14,MALICIOUS
2026-03-10T21:52:06.258323,122.212.191.234,GET,/index.php?id=1 OR 1=1,403,HIGH,Statistical Anomaly Detection (Z-score),3.67,MALICIOUS
2026-03-10T21:52:07.258323,45.56.93.110,PUT,/index.php?id=1 OR 1=1,500,HIGH,Statistical Anomaly Detection (Z-score),4.93,MALICIOUS
2026-03-10T21:52:08.258323,78.122.223.11,GET,/search?q=' OR 1=1--,500,HIGH,Directory Traversal Detection,3.81,MALICIOUS
2026-03-10T21:52:09.258323,250.195.174.131,PUT,/../../../../etc/passwd,403,CRITICAL,HTTP Brute Force Detection,3.41,MALICIOUS
2026-03-10T21:52:10.258323,10.61.249.240,PUT,/login,401,HIGH,Statistical Anomaly Detection (Z-score),3.4,MALICIOUS
2026-03-10T21:52:11.258323,138.128.57.52,POST,/index.php?id=1 OR 1=1,403,CRITICAL,Directory Traversal Detection,3.17,MALICIOUS
2026-03-10T21:52:12.258323,152.174.108.176,PUT,/search?q=' OR 1=1--,403,CRITICAL,SSH Brute Force Detection,4.98,MALICIOUS
2026-03-10T21:52:13.258323,120.138.205.95,GET,/wp-login.php,401,HIGH,SQL Injection Detection,3.79,MALICIOUS
2026-03-10T21:52:14.258323,227.37.197.67,PUT,/login,403,CRITICAL,SSH Brute Force Detection,3.15,MALICIOUS
2026-03-10T21:52:15.258323,217.1.178.67,GET,/phpmyadmin,403,CRITICAL,Directory Traversal Detection,4.4,MALICIOUS
2026-03-10T21:52:16.258323,8.225.23.100,GET,/phpmyadmin,500,HIGH,Statistical Anomaly Detection (Z-score),3.62,MALICIOUS
2026-03-10T21:52:17.258323,12.78.73.206,GET,/admin,500,HIGH,SQL Injection Detection,4.39,MALICIOUS
2026-03-10T21:52:18.258323,8.252.162.103,POST,/index.php?id=1 OR 1=1,401,CRITICAL,HTTP Brute Force Detection,4.86,MALICIOUS
2026-03-10T21:52:19.258323,18.69.46.101,PUT,/index.php?id=1 OR 1=1,500,HIGH,SSH Brute Force Detection,4.38,MALICIOUS
2026-03-10T21:52:20.258323,156.76.213.131,PUT,/../../../../etc/passwd,403,HIGH,Port Scanning Detection,4.96,MALICIOUS
2026-03-10T21:52:21.258323,252.197.126.154,PUT,/search?q=' OR 1=1--,403,HIGH,SQL Injection Detection,4.79,MALICIOUS
2026-03-10T21:52:22.258323,243.195.251.120,GET,/login,500,CRITICAL,HTTP Brute Force Detection,4.04,MALICIOUS
2026-03-10T21:52:23.258323,147.16.164.74,POST,/index.php?id=1 OR 1=1,500,HIGH,Statistical Anomaly Detection (Z-score),3.26,MALICIOUS
2026-03-10T21:52:24.258323,34.150.82.251,PUT,/../../../../etc/passwd,401,CRITICAL,Directory Traversal Detection,3.01,MALICIOUS
2026-03-10T21:52:25.258323,40.39.132.35,POST,/admin,500,CRITICAL,Port Scanning Detection,4.6,MALICIOUS
2026-03-10T21:52:26.258323,245.240.126.155,PUT,/phpmyadmin,401,HIGH,SSH Brute Force Detection,3.29,MALICIOUS
2026-03-10T21:52:27.258323,113.153.144.245,PUT,/admin,401,HIGH,HTTP Brute Force Detection,3.38,MALICIOUS
2026-03-10T21:52:28.258323,156.252.79.228,POST,/wp-login.php,500,HIGH,Directory Traversal Detection,4.71,MALICIOUS
2026-03-10T21:52:29.258323,67.250.119.164,PUT,/admin,401,HIGH,Port Scanning Detection,3.38,MALICIOUS
2026-03-10T21:52:30.258323,243.96.155.192,POST,/admin,403,CRITICAL,Statistical Anomaly Detection (Z-score),3.56,MALICIOUS
2026-03-10T21:52:31.258323,72.39.183.18,PUT,/search?q=' OR 1=1--,500,HIGH,Directory Traversal Detection,4.96,MALICIOUS
2026-03-10T21:52:32.258323,24.115.98.104,POST,/login,401,CRITICAL,Statistical Anomaly Detection (Z-score),4.48,MALICIOUS
2026-03-10T21:52:33.258323,156.113.159.99,PUT,/../../../../etc/passwd,401,HIGH,Statistical Anomaly Detection (Z-score),4.84,MALICIOUS
2026-03-10T21:52:34.258323,160.95.16.193,POST,/phpmyadmin,403,HIGH,HTTP Brute Force Detection,3.21,MALICIOUS
2026-03-10T21:52:35.258323,93.65.102.122,POST,/search?q=' OR 1=1--,401,HIGH,Statistical Anomaly Detection (Z-score),4.84,MALICIOUS
2026-03-10T21:52:36.258323,57.187.90.116,PUT,/home,200,LOW,NORMAL,0.94,CLEAN
2026-03-10T21:52:37.258323,208.195.125.157,POST,/contact,200,LOW,NORMAL,0.74,CLEAN
2026-03-10T21:52:38.258323,9.231.192.10,POST,/products,200,LOW,NORMAL,0.69,CLEAN
2026-03-10T21:52:39.258323,95.202.105.189,GET,/about,200,LOW,NORMAL,0.84,CLEAN
2026-03-10T21:52:40.258323,85.53.3.63,GET,/products,200,LOW,NORMAL,0.68,CLEAN
2026-03-10T21:52:41.258323,44.80.190.243,GET,/blog,200,LOW,NORMAL,0.66,CLEAN
2026-03-10T21:52:42.258323,176.131.17.156,GET,/help,200,LOW,NORMAL,0.03,CLEAN
2026-03-10T21:52:43.258323,128.159.144.81,POST,/contact,200,LOW,NORMAL,0.32,CLEAN
2026-03-10T21:52:44.258323,76.167.119.223,POST,/blog,200,LOW,NORMAL,0.96,CLEAN
2026-03-10T21:52:45.258323,175.174.185.253,GET,/blog,200,LOW,NORMAL,0.24,CLEAN
2026-03-10T21:52:46.258323,39.46.72.54,GET,/home,200,LOW,NORMAL,0.23,CLEAN
2026-03-10T21:52:47.258323,70.32.61.49,PUT,/products,200,LOW,NORMAL,0.92,CLEAN
2026-03-10T21:52:48.258323,187.79.110.80,POST,/products,200,LOW,NORMAL,0.88,CLEAN
2026-03-10T21:52:49.258323,55.30.167.17,PUT,/products,200,LOW,NORMAL,0.65,CLEAN
2026-03-10T21:52:50.258323,35.166.3.166,PUT,/blog,200,LOW,NORMAL,0.91,CLEAN
2026-03-10T21:52:51.258323,233.55.6.174,PUT,/home,200,LOW,NORMAL,0.73,CLEAN
2026-03-10T21:52:52.258323,179.221.126.117,POST,/profile,200,LOW,NORMAL,0.49,CLEAN
2026-03-10T21:52:53.258323,216.93.81.212,POST,/about,200,LOW,NORMAL,0.48,CLEAN
2026-03-10T21:52:54.258323,207.242.210.110,PUT,/about,200,LOW,NORMAL,0.52,CLEAN
2026-03-10T21:52:55.258323,65.167.46.79,GET,/about,200,LOW,NORMAL,0.44,CLEAN
2026-03-10T21:52:56.258323,21.185.41.13,PUT,/blog,200,LOW,NORMAL,0.59,CLEAN
2026-03-10T21:52:57.258323,109.21.162.244,PUT,/home,200,LOW,NORMAL,0.29,CLEAN
2026-03-10T21:52:58.258323,108.150.33.134,POST,/about,200,LOW,NORMAL,0.01,CLEAN
2026-03-10T21:52:59.258323,84.50.116.128,PUT,/blog,200,LOW,NORMAL,0.74,CLEAN
2026-03-10T21:53:00.258323,197.196.90.70,PUT,/products,200,LOW,NORMAL,0.06,CLEAN
2026-03-10T21:53:01.258323,237.80.127.65,PUT,/home,200,LOW,NORMAL,0.22,CLEAN
2026-03-10T21:53:02.258323,63.111.210.50,GET,/profile,200,LOW,NORMAL,0.64,CLEAN
2026-03-10T21:53:03.258323,121.46.12.86,GET,/help,200,LOW,NORMAL,0.35,CLEAN
2026-03-10T21:53:04.258323,168.49.17.197,PUT,/help,200,LOW,NORMAL,0.93,CLEAN
2026-03-10T21:53:05.258323,144.229.92.63,GET,/blog,200,LOW,NORMAL,0.53,CLEAN
2026-03-10T21:53:06.258323,144.35.221.26,PUT,/profile,200,LOW,NORMAL,0.11,CLEAN
2026-03-10T21:53:07.258323,52.232.8.238,GET,/help,200,LOW,NORMAL,0.54,CLEAN
2026-03-10T21:53:08.258323,121.94.230.178,POST,/help,200,LOW,NORMAL,0.99,CLEAN
2026-03-10T21:53:09.258323,186.135.34.223,PUT,/products,200,LOW,NORMAL,0.4,CLEAN
2026-03-10T21:53:10.258323,195.26.158.93,POST,/home,200,LOW,NORMAL,0.28,CLEAN
2026-03-10T21:53:11.258323,224.126.86.124,POST,/products,200,LOW,NORMAL,0.11,CLEAN
2026-03-10T21:53:12.258323,23.74.151.141,GET,/profile,200,LOW,NORMAL,0.04,CLEAN
2026-03-10T21:53:13.258323,198.3.83.185,POST,/contact,200,LOW,NORMAL,0.59,CLEAN
2026-03-10T21:53:14.258323,230.187.59.13,POST,/blog,200,LOW,NORMAL,0.26,CLEAN
2026-03-10T21:53:15.258323,142.203.162.144,POST,/products,200,LOW,NORMAL,0.1,CLEAN
2026-03-10T21:53:16.258323,228.40.141.143,PUT,/blog,200,LOW,NORMAL,0.7,CLEAN
2026-03-10T21:53:17.258323,32.220.81.29,GET,/profile,200,LOW,NORMAL,0.6,CLEAN
2026-03-10T21:53:18.258323,196.226.77.241,POST,/about,200,LOW,NORMAL,0.81,CLEAN
2026-03-10T21:53:19.258323,97.181.238.242,POST,/contact,200,LOW,NORMAL,0.73,CLEAN
2026-03-10T21:53:20.258323,177.226.120.21,PUT,/blog,200,LOW,NORMAL,0.09,CLEAN
2026-03-10T21:53:21.258323,155.111.147.253,POST,/about,200,LOW,NORMAL,0.51,CLEAN
2026-03-10T21:53:22.258323,212.137.89.82,PUT,/products,200,LOW,NORMAL,0.37,CLEAN
2026-03-10T21:53:23.258323,155.138.93.169,POST,/contact,200,LOW,NORMAL,0.74,CLEAN
2026-03-10T21:53:24.258323,136.235.37.104,POST,/about,200,LOW,NORMAL,0.67,CLEAN
2026-03-10T21:53:25.258323,243.250.74.205,GET,/contact,200,LOW,NORMAL,0.83,CLEAN
2026-03-10T21:53:26.258323,210.62.218.90,POST,/profile,200,LOW,NORMAL,0.74,CLEAN
2026-03-10T21:53:27.258323,16.184.4.229,GET,/products,200,LOW,NORMAL,0.06,CLEAN
2026-03-10T21:53:28.258323,227.181.134.56,PUT,/help,200,LOW,NORMAL,0.83,CLEAN
2026-03-10T21:53:29.258323,187.55.8.75,GET,/contact,200,LOW,NORMAL,0.95,CLEAN
2026-03-10T21:53:30.258323,164.135.225.58,POST,/profile,200,LOW,NORMAL,0.35,CLEAN
2026-03-10T21:53:31.258323,118.244.181.24,GET,/home,200,LOW,NORMAL,0.61,CLEAN
2026-03-10T21:53:32.258323,108.68.150.158,PUT,/home,200,LOW,NORMAL,0.3,CLEAN
2026-03-10T21:53:33.258323,202.30.219.251,POST,/blog,200,LOW,NORMAL,0.79,CLEAN
2026-03-10T21:53:34.258323,36.69.178.154,PUT,/contact,200,LOW,NORMAL,0.01,CLEAN
2026-03-10T21:53:35.258323,123.203.3.99,PUT,/profile,200,LOW,NORMAL,0.82,CLEAN
2026-03-10T21:53:36.258323,101.195.212.225,GET,/blog,200,LOW,NORMAL,0.67,CLEAN
2026-03-10T21:53:37.258323,69.55.16.132,GET,/about,200,LOW,NORMAL,0.02,CLEAN
2026-03-10T21:53:38.258323,213.51.236.42,GET,/home,200,LOW,NORMAL,0.46,CLEAN
2026-03-10T21:53:39.258323,110.48.248.189,PUT,/blog,200,LOW,NORMAL,0.61,CLEAN
2026-03-10T21:53:40.258323,183.225.54.65,PUT,/blog,200,LOW,NORMAL,0.32,CLEAN
2026-03-10T21:53:41.258323,137.68.8.50,PUT,/products,200,LOW,NORMAL,0.24,CLEAN
2026-03-10T21:53:42.258323,59.106.157.185,PUT,/contact,200,LOW,NORMAL,0.34,CLEAN
2026-03-10T21:53:43.258323,1.237.20.179,PUT,/products,200,LOW,NORMAL,0.21,CLEAN
2026-03-10T21:53:44.258323,167.17.22.157,PUT,/profile,200,LOW,NORMAL,0.86,CLEAN
2026-03-10T21:53:45.258323,245.79.80.225,GET,/blog,200,LOW,NORMAL,0.96,CLEAN
2026-03-10T21:53:46.258323,159.18.97.136,GET,/contact,200,LOW,NORMAL,0.19,CLEAN
2026-03-10T21:53:47.258323,6.185.61.100,PUT,/products,200,LOW,NORMAL,0.22,CLEAN
2026-03-10T21:53:48.258323,18.93.49.187,GET,/products,200,LOW,NORMAL,0.27,CLEAN
2026-03-10T21:53:49.258323,144.184.39.169,GET,/help,200,LOW,NORMAL,0.5,CLEAN
2026-03-10T21:53:50.258323,43.181.132.52,PUT,/profile,200,LOW,NORMAL,0.98,CLEAN
2026-03-10T21:53:51.258323,77.156.69.41,PUT,/home,200,LOW,NORMAL,0.85,CLEAN
2026-03-10T21:53:52.258323,1.137.184.126,PUT,/home,200,LOW,NORMAL,0.07,CLEAN
2026-03-10T21:53:53.258323,172.106.97.251,GET,/home,200,LOW,NORMAL,0.11,CLEAN
2026-03-10T21:53:54.258323,31.152.234.14,GET,/blog,200,LOW,NORMAL,0.1,CLEAN
2026-03-10T21:53:55.258323,29.236.235.36,POST,/products,200,LOW,NORMAL,0.28,CLEAN
2026-03-10T21:53:56.258323,61.167.236.131,POST,/home,200,LOW,NORMAL,0.61,CLEAN
2026-03-10T21:53:57.258323,211.192.242.163,GET,/contact,200,LOW,NORMAL,0.95,CLEAN
2026-03-10T21:53:58.258323,245.188.198.143,PUT,/home,200,LOW,NORMAL,0.97,CLEAN
2026-03-10T21:53:59.258323,240.241.173.248,PUT,/home,200,LOW,NORMAL,0.75,CLEAN
2026-03-10T21:54:00.258323,30.166.134.64,GET,/help,200,LOW,NORMAL,0.97,CLEAN
2026-03-10T21:54:01.258323,70.116.115.86,PUT,/blog,200,LOW,NORMAL,0.02,CLEAN
2026-03-10T21:54:02.258323,132.126.246.13,PUT,/profile,200,LOW,NORMAL,0.34,CLEAN
2026-03-10T21:54:03.258323,134.32.136.58,PUT,/products,200,LOW,NORMAL,0.09,CLEAN
2026-03-10T21:54:04.258323,19.189.121.69,PUT,/profile,200,LOW,NORMAL,0.81,CLEAN
2026-03-10T21:54:05.258323,237.132.239.192,PUT,/help,200,LOW,NORMAL,0.41,CLEAN
2026-03-10T21:54:06.258323,13.186.166.35,GET,/contact,200,LOW,NORMAL,0.68,CLEAN
2026-03-10T21:54:07.258323,47.183.48.36,POST,/about,200,LOW,NORMAL,0.77,CLEAN
2026-03-10T21:54:08.258323,70.198.20.120,GET,/products,200,LOW,NORMAL,0.89,CLEAN
2026-03-10T21:54:09.258323,67.60.174.57,PUT,/profile,200,LOW,NORMAL,0.16,CLEAN
2026-03-10T21:54:10.258323,96.77.180.224,POST,/blog,200,LOW,NORMAL,0.48,CLEAN
2026-03-10T21:54:11.258323,149.195.197.89,PUT,/help,200,LOW,NORMAL,0.26,CLEAN
2026-03-10T21:54:12.258323,248.221.143.175,GET,/contact,200,LOW,NORMAL,0.36,CLEAN
2026-03-10T21:54:13.258323,20.243.145.145,PUT,/contact,200,LOW,NORMAL,0.82,CLEAN
2026-03-10T21:54:14.258323,35.114.248.9,PUT,/help,200,LOW,NORMAL,0.63,CLEAN
2026-03-10T21:54:15.258323,134.47.185.107,GET,/contact,200,LOW,NORMAL,0.19,CLEAN
2026-03-10T21:54:16.258323,234.28.199.179,POST,/blog,200,LOW,NORMAL,0.95,CLEAN
2026-03-10T21:54:17.258323,251.71.127.59,POST,/contact,200,LOW,NORMAL,0.93,CLEAN
2026-03-10T21:54:18.258323,93.183.88.92,POST,/blog,200,LOW,NORMAL,0.24,CLEAN
2026-03-10T21:54:19.258323,75.96.227.88,PUT,/contact,200,LOW,NORMAL,0.01,CLEAN
2026-03-10T21:54:20.258323,230.207.107.81,POST,/profile,200,LOW,NORMAL,0.55,CLEAN
2026-03-10T21:54:21.258323,123.181.125.80,PUT,/contact,200,LOW,NORMAL,0.32,CLEAN
2026-03-10T21:54:22.258323,248.97.24.240,GET,/products,200,LOW,NORMAL,0.95,CLEAN
2026-03-10T21:54:23.258323,186.187.212.234,GET,/help,200,LOW,NORMAL,0.42,CLEAN
2026-03-10T21:54:24.258323,208.75.74.234,PUT,/products,200,LOW,NORMAL,0.89,CLEAN
2026-03-10T21:54:25.258323,158.53.61.111,PUT,/profile,200,LOW,NORMAL,0.42,CLEAN
2026-03-10T21:54:26.258323,128.41.236.153,GET,/home,200,LOW,NORMAL,0.54,CLEAN
2026-03-10T21:54:27.258323,16.61.130.47,GET,/about,200,LOW,NORMAL,0.77,CLEAN
2026-03-10T21:54:28.258323,229.136.85.240,PUT,/about,200,LOW,NORMAL,0.99,CLEAN
2026-03-10T21:54:29.258323,244.54.76.62,GET,/help,200,LOW,NORMAL,0.48,CLEAN
2026-03-10T21:54:30.258323,113.2.79.177,PUT,/profile,200,LOW,NORMAL,0.51,CLEAN
2026-03-10T21:54:31.258323,67.97.218.133,PUT,/products,200,LOW,NORMAL,0.02,CLEAN
2026-03-10T21:54:32.258323,228.13.114.218,POST,/home,200,LOW,NORMAL,0.91,CLEAN
2026-03-10T21:54:33.258323,238.50.77.9,GET,/home,200,LOW,NORMAL,0.84,CLEAN
2026-03-10T21:54:34.258323,144.251.139.196,PUT,/help,200,LOW,NORMAL,0.78,CLEAN
2026-03-10T21:54:35.258323,155.209.199.16,PUT,/help,200,LOW,NORMAL,0.76,CLEAN
2026-03-10T21:54:36.258323,54.39.99.100,GET,/profile,200,LOW,NORMAL,0.05,CLEAN
2026-03-10T21:54:37.258323,110.88.203.135,PUT,/home,200,LOW,NORMAL,0.25,CLEAN
2026-03-10T21:54:38.258323,102.208.28.35,PUT,/about,200,LOW,NORMAL,0.93,CLEAN
2026-03-10T21:54:39.258323,34.223.53.15,PUT,/help,200,LOW,NORMAL,0.7,CLEAN
2026-03-10T21:54:40.258323,228.112.49.248,GET,/blog,200,LOW,NORMAL,0.4,CLEAN
